{
  "overall_score": 0.75,
  "overall_verdict": "MODERATE SUPPORT, SOME ISSUES",
  "per_conjecture": {
    "Conjecture 1": "MOSTLY SUPPORTED",
    "Conjecture 2": "SUPPORTED",
    "Conjecture 3": "WEAKENED",
    "Conjecture 4": "FALSIFIED",
    "Conjecture 5": "SUPPORTED",
    "Conjecture 6": "MOSTLY SUPPORTED",
    "Conjecture 7": "WEAKENED",
    "Meta (Necessity)": "SUPPORTED"
  },
  "key_findings": [
    "\u2705 Layers DO perform structured, semantic deformations (C1)",
    "\u2705 Information IS holographically distributed (C2)",
    "\u26a0\ufe0f  Inner/outer asymmetry is more complex than Koch claims (C4)",
    "\ud83d\udcca Results are CONSISTENT across architectures"
  ],
  "model_scores": {
    "EleutherAI/pythia-1.4b": 0.7777777777777778,
    "EleutherAI/pythia-160m": 0.6666666666666666,
    "EleutherAI/pythia-1b": 0.6666666666666666,
    "EleutherAI/pythia-2.8b": 0.8888888888888888,
    "EleutherAI/pythia-410m": 0.7777777777777778,
    "EleutherAI/pythia-70m": 0.6666666666666666,
    "Qwen/Qwen2-0.5B": 0.8888888888888888,
    "Qwen/Qwen2-1.5B": 0.8888888888888888,
    "Qwen/Qwen2.5-14B": 0.8888888888888888,
    "Qwen/Qwen2.5-7B": 0.7777777777777778,
    "TinyLlama/TinyLlama-1.1B-Chat-v1.0": 0.7777777777777778,
    "deepseek-ai/DeepSeek-R1-Distill-Llama-8B": 0.6666666666666666,
    "deepseek-ai/DeepSeek-R1-Distill-Qwen-14B": 0.8888888888888888,
    "deepseek-ai/DeepSeek-R1-Distill-Qwen-7B": 0.7777777777777778,
    "facebook/opt-1.3b": 0.8888888888888888,
    "facebook/opt-125m": 0.6666666666666666,
    "gpt2": 0.6666666666666666,
    "gpt2-large": 0.7777777777777778,
    "gpt2-medium": 0.6666666666666666,
    "gpt2-xl": 0.7777777777777778,
    "microsoft/phi-1_5": 0.8888888888888888,
    "microsoft/phi-2": 0.8888888888888888,
    "mistralai/Mistral-7B-v0.3": 0.7777777777777778,
    "mistralai/Mixtral-8x7B-v0.1": 0.6666666666666666
  }
}